{"cameraMode":{"drawMode":0,"name":"Shaded","section":"Shading Mode"},"sceneLighting":true,"audioPlay":false,"sceneViewState":{"m_AlwaysRefresh":false,"showFog":true,"showSkybox":false,"showFlares":true,"showImageEffects":true,"showParticleSystems":true,"showVisualEffectGraphs":true,"m_FxEnabled":true},"in2DMode":false,"pivot":{"x":33.47757339477539,"y":-0.8090000152587891,"z":14.423084259033204},"rotation":{"x":0.10275455564260483,"y":-0.7049379348754883,"z":0.10438472777605057,"w":0.6940038204193115},"size":36.636810302734378,"orthographic":false}