{"cameraMode":{"drawMode":0,"name":"Shaded","section":"Shading Mode"},"sceneLighting":true,"audioPlay":false,"sceneViewState":{"m_AlwaysRefresh":false,"showFog":true,"showSkybox":true,"showFlares":true,"showImageEffects":true,"showParticleSystems":true,"showVisualEffectGraphs":true,"m_FxEnabled":true},"in2DMode":false,"pivot":{"x":292.5648193359375,"y":174.51327514648438,"z":-1098.5303955078125},"rotation":{"x":0.07230521738529206,"y":-0.028919795528054239,"z":0.002096154261380434,"w":0.9969819784164429},"size":0.6317747235298157,"orthographic":false}