{"cameraMode":{"drawMode":0,"name":"Shaded","section":"Shading Mode"},"sceneLighting":true,"audioPlay":false,"sceneViewState":{"m_AlwaysRefresh":false,"showFog":true,"showSkybox":true,"showFlares":true,"showImageEffects":true,"showParticleSystems":true,"showVisualEffectGraphs":true,"m_FxEnabled":true},"in2DMode":false,"pivot":{"x":15.854142189025879,"y":5.233361721038818,"z":260.3630065917969},"rotation":{"x":0.18995606899261475,"y":-0.7128399610519409,"z":0.21117642521858216,"w":0.6412580013275147},"size":245.80186462402345,"orthographic":false}