{"cameraMode":{"drawMode":0,"name":"Shaded","section":"Shading Mode"},"sceneLighting":true,"audioPlay":false,"sceneViewState":{"m_AlwaysRefresh":false,"showFog":true,"showSkybox":true,"showFlares":true,"showImageEffects":true,"showParticleSystems":true,"showVisualEffectGraphs":true,"m_FxEnabled":true},"in2DMode":false,"pivot":{"x":21.049640655517579,"y":-0.07999999821186066,"z":10.012843132019043},"rotation":{"x":0.07562344521284104,"y":0.6662116646766663,"z":-0.06818559020757675,"w":0.7387924194335938},"size":6.810489654541016,"orthographic":false}