{"cameraMode":{"drawMode":0,"name":"Shaded","section":"Shading Mode"},"sceneLighting":true,"audioPlay":false,"sceneViewState":{"m_AlwaysRefresh":false,"showFog":true,"showSkybox":true,"showFlares":true,"showImageEffects":true,"showParticleSystems":true,"showVisualEffectGraphs":true,"m_FxEnabled":true},"in2DMode":false,"pivot":{"x":375.6301574707031,"y":128.17514038085938,"z":-27.1971435546875},"rotation":{"x":0.0459790974855423,"y":0.01498404424637556,"z":-0.0006909268558956683,"w":0.9988421201705933},"size":116.67585754394531,"orthographic":false}