{"cameraMode":{"drawMode":0,"name":"Shaded","section":"Shading Mode"},"sceneLighting":true,"audioPlay":false,"sceneViewState":{"m_AlwaysRefresh":false,"showFog":true,"showSkybox":true,"showFlares":true,"showImageEffects":true,"showParticleSystems":true,"showVisualEffectGraphs":true,"m_FxEnabled":true},"in2DMode":false,"pivot":{"x":-243.8667755126953,"y":146.99606323242188,"z":-1185.014892578125},"rotation":{"x":0.019841983914375306,"y":0.7177693247795105,"z":-0.02045438252389431,"w":0.6957153081893921},"size":0.45125648379325869,"orthographic":false}